{
  "label": "stop_signal_kywch_jspsych",
  "human_csv": "data/human/stop_signal_rdoc.csv",
  "human_n_after_exclusions": 2412,
  "map": "data/human/comparison_maps/stop_signal_rdoc.json",
  "results": {
    "go_rt": {
      "bot_mean": 580.0566390256066,
      "bot_sd": 8.66333496202547,
      "bot_n": 41,
      "human_mean": 648.7588131426203,
      "human_sd": 99.60288579532987,
      "human_n": 2412,
      "z": -0.6897608796012911,
      "within_1sd": true
    },
    "go_rt_all_responses": {
      "bot_mean": 579.6099006277675,
      "bot_sd": 8.379517182533446,
      "bot_n": 41,
      "human_mean": 648.9268245024875,
      "human_sd": 99.82568376577301,
      "human_n": 2412,
      "z": -0.6943796552134067,
      "within_1sd": true
    },
    "go_accuracy": {
      "bot_mean": 0.9708702201231668,
      "bot_sd": 0.012091787222999771,
      "bot_n": 41,
      "human_mean": 0.9669210635646033,
      "human_sd": 0.04684115196142009,
      "human_n": 2407,
      "z": 0.08430955245968744,
      "within_1sd": true
    },
    "go_omission_rate": {
      "bot_mean": 0.018673780487804877,
      "bot_sd": 0.013729447716012502,
      "bot_n": 41,
      "human_mean": 0.011293946932006634,
      "human_sd": 0.027023123511615343,
      "human_n": 2412,
      "z": 0.2730932844467876,
      "within_1sd": true
    },
    "stop_accuracy": {
      "bot_mean": 0.4961890243902439,
      "bot_sd": 0.03726824345571428,
      "bot_n": 41,
      "human_mean": 0.5214125467386789,
      "human_sd": 0.023692556125236956,
      "human_n": 2407,
      "z": -1.0646180266538328,
      "within_1sd": false
    },
    "mean_stop_failure_rt": {
      "bot_mean": 471.1856565602517,
      "bot_sd": 13.506234571961402,
      "bot_n": 41,
      "human_mean": 571.6640509535655,
      "human_sd": 87.20435587281841,
      "human_n": 2412,
      "z": -1.1522176087150358,
      "within_1sd": false
    },
    "mean_ssd": {
      "bot_mean": 279.4397865853659,
      "bot_sd": 95.37642564010775,
      "bot_n": 41,
      "human_mean": 414.6373455638474,
      "human_sd": 107.66414864607943,
      "human_n": 2412,
      "z": -1.2557342502462145,
      "within_1sd": false
    },
    "ssrt_mean_method": {
      "bot_mean": 300.6168524402408,
      "bot_sd": 98.78750336658214,
      "bot_n": 41,
      "human_mean": 234.1214675787728,
      "human_sd": 44.51152901173664,
      "human_n": 2412,
      "z": 1.4938912757621676,
      "within_1sd": false
    }
  }
}