{
  "label": "stroop_rdoc",
  "human_csv": "data/human/stroop_rdoc.csv",
  "human_n_after_exclusions": 2478,
  "map": "data/human/comparison_maps/stroop_rdoc.json",
  "results": {
    "congruent_rt": {
      "bot_mean": 634.0564924043456,
      "bot_sd": 32.01846937600239,
      "bot_n": 45,
      "human_mean": 575.1424221953188,
      "human_sd": 66.88440516142798,
      "human_n": 2478,
      "z": 0.8808341805064355,
      "within_1sd": true
    },
    "incongruent_rt": {
      "bot_mean": 682.9733844670027,
      "bot_sd": 31.146270967778765,
      "bot_n": 45,
      "human_mean": 642.3771430185634,
      "human_sd": 80.53841315029837,
      "human_n": 2478,
      "z": 0.5040606073611086,
      "within_1sd": true
    },
    "stroop_effect": {
      "bot_mean": 48.916892062657055,
      "bot_sd": 15.043427684528808,
      "bot_n": 45,
      "human_mean": 67.23472082324454,
      "human_sd": 41.32773550634743,
      "human_n": 2478,
      "z": -0.4432333041275416,
      "within_1sd": true
    },
    "congruent_accuracy": {
      "bot_mean": 0.9805056141555265,
      "bot_sd": 0.01650940848017413,
      "bot_n": 45,
      "human_mean": 0.9612280985062576,
      "human_sd": 0.046453496664081766,
      "human_n": 2477,
      "z": 0.4149852440316829,
      "within_1sd": true
    },
    "incongruent_accuracy": {
      "bot_mean": 0.9356479556902517,
      "bot_sd": 0.029682931997040293,
      "bot_n": 45,
      "human_mean": 0.919561566410981,
      "human_sd": 0.06322471865432497,
      "human_n": 2477,
      "z": 0.2544319630304965,
      "within_1sd": true
    },
    "congruent_omission_rate": {
      "bot_mean": 0.011481481481481481,
      "bot_sd": 0.015416041028346232,
      "bot_n": 45,
      "human_mean": 0.004205932203389831,
      "human_sd": 0.01587660943045175,
      "human_n": 2478,
      "z": 0.45825585808875274,
      "within_1sd": true
    },
    "incongruent_omission_rate": {
      "bot_mean": 0.015555555555555555,
      "bot_sd": 0.01755223085766616,
      "bot_n": 45,
      "human_mean": 0.005874858757062147,
      "human_sd": 0.017198712569535,
      "human_n": 2478,
      "z": 0.5628733406267482,
      "within_1sd": true
    }
  }
}