{
  "label": "stop_signal_rdoc",
  "human_csv": "data/human/stop_signal_rdoc.csv",
  "human_n_after_exclusions": 2412,
  "map": "data/human/comparison_maps/stop_signal_rdoc.json",
  "results": {
    "go_rt": {
      "bot_mean": 572.8229897737558,
      "bot_sd": 9.803735925846938,
      "bot_n": 41,
      "human_mean": 648.7588131426203,
      "human_sd": 99.60288579532987,
      "human_n": 2412,
      "z": -0.7623857758991248,
      "within_1sd": true
    },
    "go_rt_all_responses": {
      "bot_mean": 573.1475731998347,
      "bot_sd": 9.867965777912165,
      "bot_n": 41,
      "human_mean": 648.9268245024875,
      "human_sd": 99.82568376577301,
      "human_n": 2412,
      "z": -0.7591157750590342,
      "within_1sd": true
    },
    "go_accuracy": {
      "bot_mean": 0.9588105986461892,
      "bot_sd": 0.020920028037342598,
      "bot_n": 41,
      "human_mean": 0.9669210635646033,
      "human_sd": 0.04684115196142009,
      "human_n": 2407,
      "z": -0.17314828049263384,
      "within_1sd": true
    },
    "go_omission_rate": {
      "bot_mean": 0.01869918699186992,
      "bot_sd": 0.013791665131530384,
      "bot_n": 41,
      "human_mean": 0.011293946932006634,
      "human_sd": 0.027023123511615343,
      "human_n": 2412,
      "z": 0.2740334608869434,
      "within_1sd": true
    },
    "stop_accuracy": {
      "bot_mean": 0.4711382113821138,
      "bot_sd": 0.03206425628585999,
      "bot_n": 41,
      "human_mean": 0.5214125467386789,
      "human_sd": 0.023692556125236956,
      "human_n": 2407,
      "z": -2.1219464497970986,
      "within_1sd": false
    },
    "mean_stop_failure_rt": {
      "bot_mean": 535.4438354619759,
      "bot_sd": 17.861249767442963,
      "bot_n": 41,
      "human_mean": 571.6640509535655,
      "human_sd": 87.20435587281841,
      "human_n": 2412,
      "z": -0.4153486959345731,
      "within_1sd": true
    },
    "mean_ssd": {
      "bot_mean": 304.1463414634146,
      "bot_sd": 89.1416413100362,
      "bot_n": 41,
      "human_mean": 414.6373455638474,
      "human_sd": 107.66414864607943,
      "human_n": 2412,
      "z": -1.0262562374746118,
      "within_1sd": false
    },
    "ssrt_mean_method": {
      "bot_mean": 268.67664831034114,
      "bot_sd": 91.04397529688727,
      "bot_n": 41,
      "human_mean": 234.1214675787728,
      "human_sd": 44.51152901173664,
      "human_n": 2412,
      "z": 0.7763197872276403,
      "within_1sd": true
    }
  }
}